{
  "version": 1,
  "author": "Shiv",
  "editor": "wokwi",
  "parts": [
    { "type": "wokwi-esp32-devkit-v1", "id": "esp", "top": -81.7, "left": -120.2, "attrs": {} },
    {
      "type": "wokwi-dht22",
      "id": "dht1",
      "top": -191.7,
      "left": 13.8,
      "attrs": { "temperature": "13.1", "humidity": "46.5" }
    },
    { "type": "wokwi-lcd1602", "id": "lcd1", "top": -246.17, "left": 83.2, "attrs": {} },
    { "type": "wokwi-vcc", "id": "vcc1", "top": -66.44, "left": 307.2, "attrs": {} },
    { "type": "wokwi-gnd", "id": "gnd1", "top": 9.6, "left": 249, "attrs": {} },
    { "type": "wokwi-photoresistor-sensor", "id": "ldr1", "top": 22.4, "left": -364, "attrs": {} }
  ],
  "connections": [
    [ "esp:TX0", "$serialMonitor:RX", "", [] ],
    [ "esp:RX0", "$serialMonitor:TX", "", [] ],
    [ "esp:3V3", "dht1:VCC", "red", [ "v-0.3", "h96.2" ] ],
    [ "esp:GND.1", "dht1:GND", "black", [ "h0" ] ],
    [ "esp:D15", "dht1:SDA", "green", [ "h0" ] ],
    [ "lcd1:VSS", "esp:GND.1", "green", [ "v0" ] ],
    [ "lcd1:VDD", "esp:3V3", "green", [ "v0" ] ],
    [ "lcd1:RS", "esp:D19", "green", [ "v0" ] ],
    [ "lcd1:RW", "esp:GND.2", "green", [ "v240", "h-297.7", "v-57.6" ] ],
    [ "lcd1:E", "esp:D23", "green", [ "v0" ] ],
    [ "lcd1:D4", "esp:D18", "green", [ "v0" ] ],
    [ "lcd1:D5", "esp:TX2", "green", [ "v0" ] ],
    [ "lcd1:D6", "esp:RX2", "green", [ "v0" ] ],
    [ "lcd1:D7", "esp:D15", "green", [ "v0" ] ],
    [ "lcd1:K", "gnd1:GND", "green", [ "v0" ] ],
    [ "lcd1:A", "vcc1:VCC", "green", [ "v105.6", "h67.1" ] ],
    [ "ldr1:GND", "esp:GND.2", "black", [ "h19.2", "v18.8" ] ],
    [ "ldr1:VCC", "esp:3V3", "red", [ "h28.8", "v105.6", "h182.4", "v-67.2" ] ],
    [ "ldr1:AO", "esp:VP", "green", [ "h9.6", "v-115.9", "h19.2" ] ]
  ],
  "dependencies": {}
}